{"meta": {"version": "7.2.6", "timestamp": "2023-11-12T23:42:04.573996", "branch_coverage": false, "show_contexts": false}, "files": {"celeryconfig.py": {"executed_lines": [1, 3, 4, 5, 6, 7, 8, 9, 10], "summary": {"covered_lines": 9, "num_statements": 9, "percent_covered": 100.0, "percent_covered_display": "100", "missing_lines": 0, "excluded_lines": 0}, "missing_lines": [], "excluded_lines": []}, "etd/__init__.py": {"executed_lines": [1, 2, 3, 4, 5, 7, 8, 10, 11, 14, 15, 16, 18, 21, 22, 24, 25, 27, 28, 33, 34, 36], "summary": {"covered_lines": 9, "num_statements": 9, "percent_covered": 100.0, "percent_covered_display": "100", "missing_lines": 0, "excluded_lines": 13}, "missing_lines": [], "excluded_lines": [14, 15, 16, 18, 21, 22, 24, 25, 27, 28, 33, 34, 36]}, "etd/alma_monitor.py": {"executed_lines": [1, 2, 3, 4, 5, 6, 7, 8, 9, 10, 11, 12, 13, 14, 15, 16, 18, 19, 20, 21, 24, 25, 26, 27, 28, 29, 30, 31, 32, 34, 35, 36, 37, 38, 39, 40, 41, 43, 46, 48, 49, 50, 51, 54, 56, 58, 59, 60, 61, 62, 63, 65, 66, 74, 75, 76, 77, 78, 79, 80, 85, 87, 100, 101, 102, 104, 108, 109, 111, 112, 113, 115, 116, 117, 118, 119, 120, 121, 122, 123, 124, 126, 127, 128, 129, 130, 131, 132, 133, 135, 137, 138, 139, 140, 141, 142, 144, 145, 146, 148, 149, 150, 152, 189, 204, 218, 222, 223, 226, 228, 230, 231, 233, 235, 238, 239, 241, 242, 243, 244, 245, 246, 247, 249, 284], "summary": {"covered_lines": 104, "num_statements": 104, "percent_covered": 100.0, "percent_covered_display": "100", "missing_lines": 0, "excluded_lines": 88}, "missing_lines": [], "excluded_lines": [51, 52, 58, 59, 60, 61, 62, 63, 65, 66, 67, 68, 69, 71, 73, 74, 75, 76, 77, 78, 79, 80, 82, 83, 152, 154, 155, 157, 158, 161, 163, 164, 167, 168, 169, 172, 175, 177, 179, 181, 183, 186, 187, 189, 190, 193, 195, 200, 201, 202, 204, 205, 206, 207, 208, 209, 210, 211, 213, 214, 215, 216, 249, 253, 255, 257, 260, 268, 281, 282, 284, 286, 287, 288, 289, 290, 291, 293, 301, 302, 303, 304, 305, 306, 307, 309, 310, 316]}, "etd/mets_extractor.py": {"executed_lines": [1, 2, 3, 4, 7, 8, 13, 15, 16, 20, 21, 22, 23, 25, 26, 28, 30, 31, 33, 34, 36, 37, 41, 42, 43, 44, 45, 46, 47, 50, 53, 54, 55, 56, 57, 58, 59, 61, 64, 65, 66, 67, 68, 69, 70, 73, 74, 75, 76], "summary": {"covered_lines": 43, "num_statements": 44, "percent_covered": 97.72727272727273, "percent_covered_display": "98", "missing_lines": 1, "excluded_lines": 9}, "missing_lines": [48], "excluded_lines": [15, 16, 17, 18, 19, 20, 21, 22, 23]}, "etd/mongo_util.py": {"executed_lines": [1, 2, 3, 6, 7, 8, 9, 10, 11, 14, 16, 18, 19, 20, 21, 23, 26, 29, 34, 40, 43, 44, 46, 47, 50], "summary": {"covered_lines": 9, "num_statements": 9, "percent_covered": 100.0, "percent_covered_display": "100", "missing_lines": 0, "excluded_lines": 27}, "missing_lines": [], "excluded_lines": [14, 16, 18, 19, 20, 21, 23, 24, 26, 27, 29, 30, 31, 32, 34, 35, 36, 37, 38, 40, 41, 43, 44, 46, 47, 50, 51]}, "etd/schools.py": {"executed_lines": [8], "summary": {"covered_lines": 1, "num_statements": 1, "percent_covered": 100.0, "percent_covered_display": "100", "missing_lines": 0, "excluded_lines": 0}, "missing_lines": [], "excluded_lines": []}, "tasks/__init__.py": {"executed_lines": [0], "summary": {"covered_lines": 0, "num_statements": 0, "percent_covered": 100.0, "percent_covered_display": "100", "missing_lines": 0, "excluded_lines": 0}, "missing_lines": [], "excluded_lines": []}, "tasks/tasks.py": {"executed_lines": [1, 2, 3, 4, 5, 6, 7, 8, 9, 10, 11, 13, 14, 15, 16, 17, 19, 21, 22, 23, 24, 26, 27, 30, 31, 33, 34, 35, 36, 37, 38, 39, 44, 45, 46, 47, 48, 49, 52, 53, 55, 59, 65, 68, 72, 73, 77, 78, 82, 85, 86, 93, 94, 97, 99, 100, 101, 102, 103, 104, 105, 106, 109, 110, 111, 113, 114, 115, 122, 125, 129, 130, 135, 136, 137, 138, 139, 140, 141, 142, 143, 144, 145, 146, 147, 151, 152], "summary": {"covered_lines": 75, "num_statements": 75, "percent_covered": 100.0, "percent_covered_display": "100", "missing_lines": 0, "excluded_lines": 30}, "missing_lines": [], "excluded_lines": [55, 56, 57, 59, 60, 65, 66, 68, 69, 73, 74, 78, 79, 94, 95, 96, 106, 109, 110, 111, 115, 118, 119, 153, 154, 155, 156, 157, 158, 161]}, "tests/unit/test_alma_monitor.py": {"executed_lines": [1, 2, 3, 4, 5, 8, 10, 11, 12, 14, 17, 27, 30, 31, 32, 33, 34, 35, 36, 37, 39, 40, 42, 44, 45, 47, 48, 50, 51, 52, 53, 55, 58, 64, 66, 67, 69, 71, 72, 74, 75, 77, 78, 120, 122, 123, 125, 127, 128, 130, 132, 133, 135, 136, 138, 150, 151, 153, 165, 167, 169, 180, 182, 184, 185, 187, 228, 229, 231, 243, 244, 246, 247, 248, 250, 251, 253, 254, 257, 258, 260, 261, 262, 264, 267], "summary": {"covered_lines": 85, "num_statements": 85, "percent_covered": 100.0, "percent_covered_display": "100", "missing_lines": 0, "excluded_lines": 0}, "missing_lines": [], "excluded_lines": []}, "tests/unit/test_mets_extractor.py": {"executed_lines": [1, 2, 5, 6, 138, 139, 140, 142, 144, 145, 146, 147, 148, 149, 151, 152, 153, 154, 156, 157, 158, 159], "summary": {"covered_lines": 22, "num_statements": 22, "percent_covered": 100.0, "percent_covered_display": "100", "missing_lines": 0, "excluded_lines": 0}, "missing_lines": [], "excluded_lines": []}, "tests/unit/test_tasks.py": {"executed_lines": [1, 3, 6, 8, 9, 15, 16, 17, 18, 19, 21, 22, 23, 24, 25, 26], "summary": {"covered_lines": 16, "num_statements": 16, "percent_covered": 100.0, "percent_covered_display": "100", "missing_lines": 0, "excluded_lines": 0}, "missing_lines": [], "excluded_lines": []}}, "totals": {"covered_lines": 373, "num_statements": 374, "percent_covered": 99.73262032085562, "percent_covered_display": "99", "missing_lines": 1, "excluded_lines": 167}}